{
    "navbar":{
        "navItems":[
            {
                "name":"Home", 
                "link":"/"
            }
        ],
        "buttons":[
            {
                "name":"Sign In",
                "link":"/signin"
            },
            {
                "name":"Sign Up",
                "link":"/signup"
            }
        ]
    },
    "footer":{
        "FooterItems":[
            {
                "name":"Home", 
                "link":"/"
            },
            {
                "name":"Sign In",
                "link":"/signin"
            },
            {
                "name":"Sign Up",
                "link":"/signup"
            }
        ]
    }
}